,City,Latitude,Longitude,Max Temp,Humidity,Cloudiness,Wind_Speed,Country,Date
0,Freeport,40.66,-73.58,70.0,83,1,10.29,US,1601344686
1,Faanui,-16.48,-151.75,77.76,81,2,19.33,PF,1601344746
2,Tasiilaq,65.61,-37.64,30.2,100,98,1.12,GL,1601344746
3,Hermanus,-34.42,19.23,46.99,94,38,7.34,ZA,1601344747
4,Punta Arenas,-53.15,-70.92,32.0,90,20,10.29,CL,1601344730
5,Albany,42.6,-73.97,71.01,92,0,1.01,US,1601344702
6,Hobart,-42.88,147.33,62.01,54,20,4.7,AU,1601344591
7,Castro,-24.79,-50.01,62.91,92,0,2.26,BR,1601344747
8,San Cristobal,7.77,-72.22,66.22,89,79,2.04,VE,1601344576
9,Sibi,29.54,67.88,81.5,31,0,1.81,PK,1601344748
10,Ruteng,-8.61,120.47,77.92,60,3,1.88,ID,1601344748
11,Mataura,-46.19,168.86,39.0,71,97,23.0,NZ,1601344749
12,Arraial do Cabo,-22.97,-42.03,75.2,88,79,6.93,BR,1601344749
13,Jamestown,42.1,-79.24,73.0,64,75,10.29,US,1601344708
14,Carnarvon,-24.87,113.63,69.8,56,0,17.22,AU,1601344750
15,Ocosingo,17.07,-92.25,66.24,97,73,2.42,MX,1601344750
16,Torbay,47.67,-52.73,64.99,100,90,21.92,CA,1601344751
17,Rikitea,-23.12,-134.97,71.22,87,98,19.95,PF,1601344751
18,Departamento de Maldonado,-34.67,-54.92,50.0,81,0,3.36,UY,1601344752
19,Ust-Tsilma,65.44,52.15,45.01,95,83,4.9,RU,1601344752
20,Port Alfred,-33.59,26.89,54.82,73,9,16.69,ZA,1601344753
21,Chokurdakh,70.63,147.92,43.14,68,10,5.41,RU,1601344753
22,Bluff,-46.6,168.33,39.0,71,100,23.0,NZ,1601344753
23,Ushuaia,-54.8,-68.3,32.0,92,40,11.41,AR,1601344754
24,Kimbe,-5.55,150.14,89.6,51,6,3.15,PG,1601344754
25,Port Lincoln,-34.73,135.87,61.09,75,100,16.69,AU,1601344754
26,San Patricio,19.22,-104.7,84.2,74,75,9.17,MX,1601344755
27,Beringovskiy,63.05,179.32,44.69,62,0,2.98,RU,1601344755
28,Puerto Ayora,-0.74,-90.35,69.01,86,97,5.01,EC,1601344756
29,Geraldton,-28.77,114.6,68.0,56,40,5.82,AU,1601344756
30,Pisco,-13.7,-76.22,63.0,82,0,12.75,PE,1601344757
31,Kattivākkam,13.22,80.32,77.0,88,75,11.41,IN,1601344757
32,Isangel,-19.55,169.27,80.6,83,75,9.17,VU,1601344757
33,Natal,-5.79,-35.21,75.2,88,20,5.82,BR,1601344496
34,Barrow,71.29,-156.79,30.2,80,90,10.29,US,1601344758
35,Rocha,-34.48,-54.33,47.03,81,0,5.03,UY,1601344758
36,Hilo,19.73,-155.09,86.0,62,1,12.75,US,1601344759
37,Codrington,-38.27,141.97,62.56,66,100,15.3,AU,1601344759
38,Olafsvik,64.89,-23.71,37.56,82,95,16.08,IS,1601344759
39,Kumul,42.8,93.45,60.96,30,54,5.53,CN,1601344760
40,Bilma,18.69,12.92,87.49,13,51,4.14,NE,1601344760
41,Mahébourg,-20.41,57.7,71.6,88,40,9.17,MU,1601344761
42,Hofn,64.25,-15.21,43.36,79,42,9.95,IS,1601344761
43,Lorengau,-2.02,147.27,85.28,68,9,9.73,PG,1601344761
44,Airai,-8.93,125.41,78.6,38,0,5.68,TL,1601344762
45,Souillac,-20.52,57.52,71.6,88,40,9.17,MU,1601344762
46,Tsabong,-26.02,22.4,48.78,41,0,10.76,BW,1601344762
47,Flinders,-34.58,150.86,64.0,62,40,10.0,AU,1601344763
48,Tuktoyaktuk,69.45,-133.04,35.6,93,90,9.17,CA,1601344764
49,Vaini,-21.2,-175.2,80.6,78,40,10.29,TO,1601344764
50,Songjianghe,42.19,127.48,48.87,93,100,4.27,CN,1601344765
51,Laas,46.62,10.7,39.2,86,12,3.36,IT,1601344765
52,Portage,41.17,-81.2,60.01,93,90,11.41,US,1601344765
53,Busselton,-33.65,115.33,61.0,92,98,5.01,AU,1601344765
54,Kauswagan,8.19,124.08,82.99,76,89,5.99,PH,1601344766
55,Yangjiang,21.85,111.97,81.0,78,55,5.35,CN,1601344766
56,Ribeira Grande,38.52,-28.7,67.59,83,98,20.38,PT,1601344766
57,Sabha,27.04,14.43,82.38,16,0,8.66,LY,1601344767
58,Pevek,69.7,170.31,39.74,72,98,12.12,RU,1601344767
59,Dandong,40.13,124.39,59.63,84,100,8.16,CN,1601344768
60,Buckeye,33.37,-112.58,95.0,21,1,1.63,US,1601344539
61,Bonga,7.28,36.23,57.47,90,16,1.79,ET,1601344768
62,George Town,5.41,100.34,84.2,83,20,5.82,MY,1601344769
63,Butaritari,3.07,172.79,82.27,72,96,11.54,KI,1601344769
64,Dagda,56.1,27.54,51.24,93,100,3.6,LV,1601344769
65,Waddān,29.16,16.14,76.68,48,0,5.1,LY,1601344770
66,Port Elizabeth,-33.92,25.57,55.4,71,40,21.92,ZA,1601344516
67,Ponta do Sol,32.67,-17.1,68.0,82,75,10.29,PT,1601344770
68,São João da Barra,-21.64,-41.05,74.08,90,9,6.76,BR,1601344771
69,Hambantota,6.12,81.12,77.0,100,40,4.7,LK,1601344771
70,Mount Gambier,-37.83,140.77,60.8,51,40,17.22,AU,1601344772
71,Platón Sánchez,21.28,-98.37,77.86,86,100,10.71,MX,1601344772
72,Rawson,-43.3,-65.1,58.64,38,71,8.88,AR,1601344772
73,Yerbogachën,61.28,108.01,35.98,78,100,7.47,RU,1601344773
74,East London,-33.02,27.91,58.77,58,44,11.14,ZA,1601344773
75,Ladário,-19.0,-57.6,81.59,50,17,5.08,BR,1601344564
76,New Norfolk,-42.78,147.06,62.01,49,0,1.99,AU,1601344773
77,Kutum,14.2,24.67,74.95,63,0,0.96,SD,1601344774
78,Inhapim,-19.55,-42.12,75.2,46,0,3.44,BR,1601344774
79,Pangnirtung,66.15,-65.71,27.43,92,85,0.45,CA,1601344775
80,Klaksvík,62.23,-6.59,48.2,87,0,4.7,FO,1601344775
81,La Ronge,55.1,-105.28,51.8,71,20,5.82,CA,1601344775
82,Staryy Nadym,65.61,72.68,35.83,88,100,10.07,RU,1601344776
83,Nelson Bay,-32.72,152.15,68.0,55,40,10.29,AU,1601344776
84,Naze,28.37,129.48,78.8,69,75,13.87,JP,1601344777
85,Qaanaaq,77.48,-69.36,12.58,77,53,8.75,GL,1601344777
86,Mount Isa,-20.73,139.5,89.6,11,9,9.17,AU,1601344777
87,Banyo,6.75,11.82,65.41,95,100,1.57,CM,1601344778
88,Talara,-4.58,-81.27,62.06,86,8,16.46,PE,1601344778
89,Labuhan,-6.88,112.21,86.77,57,0,7.67,ID,1601344778
90,Ancud,-41.87,-73.82,48.99,93,100,1.99,CL,1601344779
91,Quelimane,-17.88,36.89,72.61,83,0,4.76,MZ,1601344779
92,Yellowknife,62.46,-114.35,53.6,58,20,9.17,CA,1601344780
93,Avarua,-21.21,-159.78,77.0,73,15,18.34,CK,1601344525
94,Narasannapeta,18.42,84.05,82.02,79,0,4.68,IN,1601344780
95,Aksha,50.28,113.29,46.38,54,0,8.1,RU,1601344781
96,Clyde River,70.47,-68.59,30.2,86,75,21.92,CA,1601344781
97,Kapaa,22.08,-159.32,84.2,70,40,6.93,US,1601344541
98,Saint Anthony,45.02,-93.22,52.0,76,90,12.75,US,1601344782
99,Esperance,-33.87,121.9,62.6,88,40,13.87,AU,1601344782
100,Alice Springs,-23.7,133.88,80.6,10,75,13.87,AU,1601344782
101,Yancheng,33.39,120.13,70.3,76,99,2.89,CN,1601344783
102,Mitsamiouli,-11.38,43.28,75.9,76,64,10.42,KM,1601344783
103,Hong Kong,22.29,114.16,86.0,74,20,10.29,HK,1601344784
104,Sangar,63.92,127.47,39.92,83,86,8.28,RU,1601344784
105,Hualmay,-11.1,-77.61,61.05,82,39,7.63,PE,1601344784
106,Port Hedland,-20.32,118.57,91.4,9,100,19.46,AU,1601344785
107,Maniitsoq,65.42,-52.9,30.78,87,25,6.04,GL,1601344785
108,Harlingen,26.19,-97.7,79.0,61,90,11.41,US,1601344743
109,Mar del Plata,-38.0,-57.56,51.01,100,0,4.7,AR,1601344769
110,Olinda,-8.01,-34.86,78.8,78,40,10.29,BR,1601344782
111,Luanda,-8.84,13.23,71.6,88,20,6.93,AO,1601344786
112,Bredasdorp,-34.53,20.04,50.0,81,71,5.82,ZA,1601344787
113,Narsaq,60.92,-46.05,32.0,82,0,4.7,GL,1601344787
114,San Quintín,30.48,-115.95,72.57,71,0,10.2,MX,1601344787
115,Petropavlovsk-Kamchatskiy,53.05,158.65,53.6,58,100,8.95,RU,1601344788
116,Doha,25.29,51.53,87.8,62,0,3.36,QA,1601344551
117,Comodoro Rivadavia,-45.87,-67.5,48.2,70,75,9.17,AR,1601344690
118,Edgewater,28.99,-80.9,75.2,100,75,10.6,US,1601344789
119,Luganville,-15.53,167.17,82.4,69,40,8.05,VU,1601344789
120,Nanortalik,60.14,-45.24,35.49,78,0,11.9,GL,1601344790
121,Kaeo,-35.1,173.78,64.99,57,27,14.0,NZ,1601344790
122,Batemans Bay,-35.72,150.18,63.0,58,2,3.0,AU,1601344791
123,San Rafael,-34.62,-68.33,65.71,27,0,15.12,AR,1601344791
124,Mossamedes,-15.2,12.15,62.56,89,100,4.14,AO,1601344791
125,Portland,45.52,-122.68,81.0,28,1,13.87,US,1601343986
126,Shulan,44.42,126.95,54.99,68,2,7.78,CN,1601344792
127,Vostok,46.49,135.88,50.65,73,82,7.7,RU,1601344792
128,Bambous Virieux,-20.34,57.76,73.0,88,40,9.17,MU,1601344793
129,Ocós,14.51,-92.19,77.0,100,75,4.7,GT,1601344793
130,Dingle,11.0,122.67,86.86,67,6,1.19,PH,1601344793
131,Høruphav,54.91,9.9,57.2,82,0,4.7,DK,1601344794
132,Muhafazat Lahij,13.17,44.58,78.42,85,21,4.18,YE,1601344794
133,Atuona,-9.8,-139.03,78.13,73,0,13.18,PF,1601344794
134,Baoqing,46.33,132.21,59.41,61,0,9.95,CN,1601344795
135,Port Hardy,50.7,-127.42,60.8,77,75,1.48,CA,1601344795
136,Norman Wells,65.28,-126.83,44.6,81,90,14.99,CA,1601344796
137,Dikson,73.51,80.55,39.49,92,100,25.34,RU,1601344796
138,São Gabriel da Cachoeira,-0.13,-67.09,75.6,87,99,2.86,BR,1601344796
139,Khatanga,71.97,102.5,30.7,95,100,11.95,RU,1601344797
140,Makakilo City,21.35,-158.09,89.6,62,1,10.29,US,1601344797
141,Lagoa,39.05,-27.98,66.78,84,95,18.39,PT,1601344797
142,Cape Town,-33.93,18.42,55.0,93,0,4.7,ZA,1601344706
143,Saint Paul Harbor,57.79,-152.41,53.6,54,1,12.75,US,1601344589
144,Nikolskoye,59.7,30.79,52.0,87,90,4.47,RU,1601344798
145,Kaitangata,-46.28,169.85,34.0,83,100,17.0,NZ,1601344798
146,Trincomalee,8.57,81.23,81.61,76,100,16.96,LK,1601344799
147,Aquiraz,-3.9,-38.39,80.6,78,40,10.29,BR,1601344799
148,Fougamou,-1.22,10.58,69.22,86,93,0.87,GA,1601344800
149,Nabire,-3.37,135.48,87.62,57,33,3.56,ID,1601344786
150,Litovko,49.24,135.17,57.49,61,0,14.76,RU,1601344801
151,Nuuk,64.18,-51.72,33.8,80,6,5.82,GL,1601344801
152,Primorskiy,43.1,131.59,55.4,76,75,4.47,RU,1601344802
153,Mayumba,-3.43,10.66,74.62,79,86,4.92,GA,1601344804
154,Grand Gaube,-20.01,57.66,73.0,77,100,8.01,MU,1601344807
155,Vredendal,-31.67,18.5,48.42,81,0,6.71,ZA,1601344808
156,Andijan,40.78,72.34,68.0,99,100,10.0,UZ,1601344809
157,Mushie,-3.02,16.9,70.5,90,100,1.68,CD,1601344747
158,Charlestown,-32.95,151.67,64.99,60,9,9.06,AU,1601344810
159,Chongwe,-15.33,28.68,69.58,39,91,5.57,ZM,1601344812
160,Biak,-0.91,122.88,83.41,64,82,5.08,ID,1601344813
161,Dāmghān,36.17,54.35,49.5,62,41,5.66,IR,1601344814
162,Cafarnaum,-11.69,-41.47,68.11,83,32,11.43,BR,1601344814
163,Marsh Harbour,26.54,-77.06,82.56,75,100,10.63,BS,1601344815
164,Chumikan,54.72,135.31,49.12,78,100,15.41,RU,1601344815
165,Bethel,41.37,-73.41,66.2,93,1,6.93,US,1601344777
166,Bariloche,-41.15,-71.31,46.4,65,99,10.29,AR,1601344816
167,Tabon,9.24,117.99,81.77,79,100,6.93,PH,1601344817
168,Pingliang,35.54,106.69,64.09,52,0,4.79,CN,1601344818
169,Morristown,36.21,-83.29,68.0,100,90,4.7,US,1601344818
170,Kahului,20.89,-156.47,87.8,58,40,18.34,US,1601344819
171,Sisimiut,66.94,-53.67,29.89,95,94,6.2,GL,1601344819
172,Hernani,43.27,-1.98,53.6,87,100,3.36,ES,1601344820
173,Pitimbu,-7.47,-34.81,75.2,88,75,8.05,BR,1601344821
174,Bandarbeyla,9.49,50.81,76.89,81,19,18.03,SO,1601344821
175,Upernavik,72.79,-56.15,24.39,88,65,7.72,GL,1601344822
176,Médéa,36.26,2.75,57.2,93,20,4.99,DZ,1601344822
177,Kampong Thom,12.71,104.89,82.0,82,100,8.75,KH,1601344822
178,Dakar,14.69,-17.44,78.8,88,20,4.7,SN,1601344599
179,Aldan,58.6,125.39,37.13,90,100,8.41,RU,1601344824
180,Sovetskiy,61.36,63.58,40.78,78,100,6.2,RU,1601344824
181,Yārāda,17.65,83.27,80.6,88,75,2.24,IN,1601344824
182,Dehlorān,32.69,47.27,82.65,22,0,7.94,IR,1601344825
183,Okha,53.57,142.95,53.19,85,100,8.32,RU,1601344825
184,Svetlaya,46.54,138.33,61.84,57,100,6.87,RU,1601344826
185,Porto Belo,-27.16,-48.55,66.2,82,75,11.41,BR,1601344826
186,Kuusamo,65.97,29.18,44.6,100,90,3.36,FI,1601344827
187,Tigil',57.8,158.67,52.16,48,100,15.95,RU,1601344827
188,General Roca,-39.03,-67.58,57.2,47,100,2.51,AR,1601344828
189,Bahía Blanca,-38.72,-62.27,62.76,45,97,14.88,AR,1601344828
190,Norsup,-16.07,167.38,82.4,69,40,8.05,VU,1601344829
191,Antofagasta,-23.65,-70.4,57.2,76,90,10.29,CL,1601344829
192,Fortuna,40.6,-124.16,75.99,53,20,4.7,US,1601344829
193,Monsenhor Gil,-5.56,-42.61,82.4,61,74,4.7,BR,1601344830
194,Vila Franca do Campo,37.72,-25.43,68.0,88,20,11.41,PT,1601344830
195,Saryg-Sep,51.5,95.6,39.63,64,100,1.9,RU,1601344831
196,Ruyigi Province,-3.45,30.32,60.17,91,93,1.07,BI,1601344831
197,Yenagoa,4.92,6.26,74.53,95,100,3.91,NG,1601344832
198,Brigantine,39.41,-74.36,69.8,88,1,11.41,US,1601344832
199,Firovo,57.48,33.7,48.94,93,100,5.21,RU,1601344832
200,Tahoua,14.89,5.27,84.2,48,36,4.7,NE,1601344833
201,Samarai,-10.62,150.67,79.21,83,100,16.33,PG,1601344833
202,Staraya Mayna,54.6,48.95,35.6,93,87,4.03,RU,1601344833
203,Lüderitz,-26.65,15.16,55.06,55,0,22.77,NA,1601344834
204,Cherskiy,68.75,161.3,48.36,51,31,19.89,RU,1601344834
205,Bengkulu,-3.8,102.27,82.13,74,0,9.8,ID,1601344835
206,Grindavik,63.84,-22.43,39.2,100,75,9.17,IS,1601344837
207,Alofi,-19.06,-169.92,82.4,74,75,13.87,NU,1601344837
208,Ginda,30.69,78.49,68.0,88,0,3.36,IN,1601344837
209,Severo-Kuril'sk,50.68,156.12,51.13,86,99,7.96,RU,1601344838
210,Lompoc,34.64,-120.46,62.6,93,75,9.17,US,1601344838
211,Coyhaique,-45.58,-72.07,41.0,86,40,4.7,CL,1601344649
212,Eureka,40.8,-124.16,75.99,69,0,2.59,US,1601344560
213,Saint-Philippe,-21.36,55.77,68.0,72,36,6.93,RE,1601344839
214,Fort Nelson,58.81,-122.7,59.0,33,75,9.17,CA,1601344809
215,Kunashak,55.7,61.55,46.4,100,40,6.71,RU,1601344840
216,Tiznit Province,29.58,-9.5,71.42,44,0,1.3,MA,1601344840
217,Havre-St-Pierre,50.23,-63.6,53.6,93,40,5.82,CA,1601344841
218,Salalah,17.02,54.09,75.2,83,8,3.36,OM,1601344758
219,Hithadhoo,-0.6,73.08,83.57,68,69,8.68,MV,1601344841
220,Qui Nhon,13.77,109.23,84.38,66,100,5.48,VN,1601344842
221,Pareora,-44.49,171.21,46.0,27,100,15.01,NZ,1601344842
222,Faya,18.39,42.45,62.6,27,48,3.18,SA,1601344842
223,Hasaki,35.73,140.83,73.0,56,75,13.87,JP,1601344843
224,Vila,42.03,-8.16,60.01,82,70,3.36,PT,1601344843
225,Haines Junction,60.75,-137.51,40.24,79,1,8.68,CA,1601344844
226,Mortka,59.33,66.02,36.09,84,91,0.67,RU,1601344844
227,Ipanema,-30.14,-51.22,64.0,93,0,3.36,BR,1601344845
228,Rock Sound,24.9,-76.2,83.26,72,43,11.56,BS,1601344845
229,Yulara,-25.24,130.99,77.0,53,50,4.7,AU,1601344846
230,Tual,-5.67,132.75,80.01,85,87,16.26,ID,1601344846
231,Waipawa,-41.41,175.52,51.8,37,91,21.92,NZ,1601344696
232,Onda,39.97,-0.25,62.01,93,100,2.24,ES,1601344847
233,Sioux Lookout,50.1,-91.92,48.2,93,90,5.82,CA,1601344847
234,Batagay-Alyta,67.8,130.41,35.76,78,100,2.08,RU,1601344848
235,Mweka,-4.85,21.57,67.66,100,100,2.35,CD,1601344848
236,Leningradskiy,69.38,178.42,35.6,81,0,4.74,RU,1601344848
237,Oyama,36.3,139.8,69.8,52,75,4.7,JP,1601344849
238,Salinópolis,-0.61,-47.36,79.32,79,0,13.33,BR,1601344683
239,São José da Coroa Grande,-8.9,-35.15,74.91,83,7,10.07,BR,1601344849
240,Kavieng,-2.57,150.8,83.7,68,21,4.61,PG,1601344850
241,Honiara,-9.43,159.95,80.6,83,75,5.82,SB,1601344850
242,Marshall,34.38,-86.33,62.01,87,90,9.17,US,1601344666
243,Ostrovnoy,68.05,39.51,48.79,86,30,19.46,RU,1601344851
244,Orange Walk District,17.83,-88.83,80.01,75,85,2.82,BZ,1601344851
245,Xiaoweizhai,26.19,107.51,67.8,91,100,1.97,CN,1601344852
246,Neepawa,50.23,-99.47,50.0,66,90,8.05,CA,1601344852
247,São Félix do Xingu,-6.64,-51.99,77.58,63,13,1.07,BR,1601344852
248,Wundanyi,-3.4,38.36,61.41,100,100,3.67,KE,1601344853
249,Beira,-19.84,34.84,75.2,94,75,1.12,MZ,1601344853
250,Abapó,-18.83,-63.47,64.04,43,68,1.66,BO,1601344854
251,Paamiut,61.99,-49.67,35.2,75,0,12.37,GL,1601344854
252,Novoorsk,51.38,58.98,35.6,80,2,6.71,RU,1601344854
253,Santa Maria,-29.68,-53.81,55.4,93,0,3.36,BR,1601344855
254,Peniche,39.36,-9.38,59.0,89,9,1.01,PT,1601344855
255,Yumen,40.28,97.2,56.03,58,98,11.54,CN,1601344856
256,Marawi,8.0,124.29,82.99,76,46,5.99,PH,1601344856
257,Thap Than,15.46,99.89,81.39,82,61,3.85,TH,1601344857
258,Kavaratti,10.57,72.64,81.12,76,100,10.22,IN,1601344857
259,Cândido de Abreu,-24.57,-51.33,67.24,91,0,2.13,BR,1601344857
260,Heishan,41.69,122.11,60.08,45,100,12.88,CN,1601344858
261,Provideniya,64.38,-173.3,41.0,70,75,4.47,RU,1601344858
262,Enshi,30.3,109.48,66.15,81,99,1.23,CN,1601344859
263,Yantal',56.85,105.25,43.97,68,98,8.86,RU,1601344859
264,Oriximiná,-1.77,-55.87,79.72,69,5,3.85,BR,1601344860
265,Erenhot,43.65,111.98,49.84,43,0,2.84,CN,1601344860
266,Itacoatiara,-3.14,-58.44,81.46,65,11,2.37,BR,1601344861
267,Alta Floresta,-9.88,-56.09,77.68,58,0,1.52,BR,1601344861
268,Bandar-e Lengeh,26.56,54.88,83.7,75,0,6.71,IR,1601344862
269,Laurel,39.1,-76.85,72.0,94,1,3.36,US,1601344797
270,Nemuro,43.32,145.57,64.4,77,20,5.82,JP,1601344862
271,Saint-Augustin,51.23,-58.65,60.76,90,97,13.78,CA,1601344863
272,Lampazos de Naranjo,27.02,-100.52,70.93,42,93,8.52,MX,1601344863
273,Jalu,29.03,21.55,85.28,19,0,7.54,LY,1601344864
274,Yangi Marg`ilon,40.43,71.72,55.4,54,100,6.93,UZ,1601344864
275,Dvinskoy,62.15,45.12,43.34,93,3,4.25,RU,1601344864
276,São Filipe,14.9,-24.5,80.37,82,16,12.5,CV,1601344865
277,Zhanakorgan,43.91,67.25,50.05,46,0,19.44,KZ,1601344865
278,Brebes,-6.87,109.04,84.56,61,37,6.71,ID,1601344866
279,Ziro,27.63,93.83,63.23,100,31,0.81,IN,1601344866
280,Iqaluit,63.75,-68.51,23.0,85,75,8.05,CA,1601344797
281,Xining,36.62,101.77,54.72,61,25,1.57,CN,1601344820
282,Sibu,2.3,111.82,80.6,78,20,5.82,MY,1601344867
283,Saint-Pierre,-21.34,55.48,68.0,72,12,6.93,RE,1601344642
284,Buta,2.79,24.73,68.29,98,96,1.36,CD,1601344868
285,Hwange,-18.37,26.5,74.05,46,86,3.56,ZW,1601344868
286,Guerrero Negro,27.98,-114.06,75.61,61,0,17.2,MX,1601344869
287,Nome,64.5,-165.41,42.8,70,40,8.05,US,1601344869
288,Urucará,-2.54,-57.76,81.19,64,50,1.36,BR,1601344870
289,Ilulissat,69.22,-51.1,28.4,54,83,17.22,GL,1601344870
290,Katherine,-14.47,132.27,93.2,30,45,10.29,AU,1601344871
291,Qaqortoq,60.72,-46.03,32.0,84,0,4.7,GL,1601344871
292,Port Blair,11.67,92.75,78.87,86,100,18.39,IN,1601344872
293,Ambon City,-3.7,128.18,87.8,66,40,3.36,ID,1601344872
294,Puerto Lleras,3.02,-73.4,73.09,96,90,2.57,CO,1601344872
295,Gushikawa,26.35,127.87,82.4,69,75,10.29,JP,1601344873
296,Merauke,-8.47,140.33,84.36,69,100,9.37,ID,1601344866
297,Waitati,-45.75,170.57,43.0,67,95,25.01,NZ,1601344873
298,Andenes,69.31,16.12,51.8,81,53,13.87,NO,1601344874
299,Ixtapa,20.7,-105.2,87.8,74,90,3.36,MX,1601344874
300,Tadine,-21.55,167.88,67.57,92,100,20.47,NC,1601344874
301,Ericeira,38.96,-9.42,64.0,81,0,10.29,PT,1601344875
302,Tura,25.52,90.22,80.35,83,36,1.66,IN,1601344875
303,San Juan,-31.54,-68.54,67.35,29,0,19.28,AR,1601344845
304,Los Llanos de Aridane,28.66,-17.92,73.4,69,40,14.99,ES,1601344876
305,Rome,43.21,-75.46,73.4,64,75,8.05,US,1601344587
306,Tezu,27.92,96.17,84.04,55,24,1.74,IN,1601344876
307,Adrar,20.5,-10.07,86.25,25,0,11.14,MR,1601344877
308,Warner Robins,32.62,-83.6,71.6,94,40,5.41,US,1601344877
309,Lata,40.16,-8.33,64.0,85,61,1.52,PT,1601344877
310,Hidas,46.26,18.5,49.44,94,11,6.64,HU,1601344877
311,Segezha,63.74,34.32,47.14,91,56,5.7,RU,1601344877
312,Lebu,-37.62,-73.65,47.97,83,100,1.52,CL,1601344878
313,Ilo,-17.64,-71.34,60.22,78,69,3.65,PE,1601344878
314,Rabo de Peixe,37.8,-25.58,68.0,88,20,11.41,PT,1601344879
315,Broome,42.25,-75.83,69.01,77,20,10.29,US,1601344879
316,Puerto Escondido,15.85,-97.07,82.4,65,75,5.82,MX,1601344879
317,Ajdabiya,30.76,20.23,78.84,41,0,6.13,LY,1601344880
318,Thompson,55.74,-97.86,41.0,100,90,3.36,CA,1601344808
319,Ust-Nera,64.57,143.2,47.66,64,100,6.71,RU,1601344869
320,Botou,38.07,116.57,67.23,73,87,19.19,CN,1601344881
321,Taveta,-3.4,37.67,72.34,72,97,4.07,KE,1601344881
322,Ucluelet,48.93,-125.55,64.0,77,5,9.17,CA,1601344615
323,Mēga,4.05,38.3,59.05,90,17,8.99,ET,1601344882
324,Bonfim,3.08,-59.95,79.21,75,83,6.31,BR,1601344882
325,Riyadh,24.69,46.72,77.0,27,0,6.93,SA,1601344883
326,Nioro,13.35,-15.75,75.63,87,85,2.82,GM,1601344883
327,Westport,41.14,-73.36,69.8,88,20,6.93,US,1601344883
328,Wawa,9.9,4.42,72.46,93,100,9.4,NG,1601344884
329,Inhambane,-23.86,35.38,73.04,87,81,2.8,MZ,1601344884
330,Myślibórz,52.92,14.87,55.0,83,100,1.99,PL,1601344759
331,Kindu,-2.95,25.95,70.43,97,100,3.04,CD,1601344885
332,Middletown,39.52,-84.4,55.99,100,1,3.74,US,1601344608
333,Arlit,18.74,7.39,92.82,12,34,6.82,NE,1601344885
334,Whitehorse,60.72,-135.05,50.0,34,20,11.41,CA,1601344886
335,Broken Hill,-31.95,141.43,68.0,30,100,16.11,AU,1601344886
336,Ebetsu,43.11,141.55,72.0,59,20,8.05,JP,1601344886
337,Sioni,41.99,45.02,62.6,59,75,8.05,GE,1601344887
338,Lerwick,60.15,-1.15,51.8,87,0,10.29,GB,1601344868
339,Dzhebariki-Khaya,62.22,135.8,41.99,88,100,6.73,RU,1601344887
340,Assen,53.0,6.56,53.01,100,90,6.93,NL,1601344690
341,Kushima,31.46,131.23,75.2,60,20,9.17,JP,1601344888
342,Plettenberg Bay,-34.05,23.37,52.2,80,10,11.12,ZA,1601344888
343,Ankpa,7.37,7.63,71.62,96,100,8.28,NG,1601344889
344,Tiksi,71.69,128.87,35.53,78,32,22.93,RU,1601344889
345,San Vicente,-26.62,-54.13,56.23,75,0,3.96,AR,1601344815
346,Crestline,34.24,-117.29,100.4,15,5,10.29,US,1601344890
347,Brae,60.4,-1.35,51.8,87,0,10.29,GB,1601344890
348,Santa Isabel,-23.32,-46.22,71.6,73,100,5.82,BR,1601344890
349,Cayenne,4.93,-52.33,78.8,88,17,3.36,GF,1601344807
350,Takoradze,4.88,-1.76,74.77,94,100,6.62,GH,1601344891
351,Chui,-33.7,-53.46,48.92,82,0,3.96,UY,1601344891
352,Entre Rios,-11.94,-38.08,68.65,98,15,4.47,BR,1601344891
353,Tonantins,-2.87,-67.8,73.76,90,85,1.32,BR,1601344892
354,Seoul,37.57,126.98,69.8,77,100,2.24,KR,1601344640
355,São Paulo de Olivença,-3.38,-68.87,75.7,79,100,1.63,BR,1601344892
356,Eskişehir,39.78,30.52,57.2,76,32,3.36,TR,1601344853
357,Namatanai,-3.67,152.43,85.26,68,28,3.47,PG,1601344893
358,Bani Walid,31.76,13.99,72.09,80,91,8.61,LY,1601344893
359,Itarema,-2.92,-39.92,78.4,83,20,16.2,BR,1601344894
360,Saint-François,46.42,3.91,51.8,81,67,4.7,FR,1601344894
361,Leh,34.17,77.58,42.44,53,0,3.44,IN,1601344894
362,Ryōtsu-minato,38.08,138.43,69.8,64,33,9.17,JP,1601344895
363,Aklavik,68.22,-135.01,37.4,100,90,8.05,CA,1601344895
364,Cidreira,-30.18,-50.21,59.52,78,0,9.53,BR,1601344895
365,Douglas,41.3,-96.17,57.99,47,90,11.41,US,1601344835
366,Liku,-0.73,119.89,86.79,57,98,1.07,ID,1601344896
367,Alugan,12.22,125.48,85.03,69,87,5.08,PH,1601344896
368,Noumea,-22.28,166.46,66.2,77,90,13.87,NC,1601344897
369,Touros,-5.2,-35.46,75.2,88,20,3.36,BR,1601344897
370,Miraflores,19.22,-98.81,71.01,49,75,16.11,MX,1601344897
371,Ubatuba,-23.43,-45.07,68.0,94,100,3.09,BR,1601344898
372,Kalemie,-5.95,29.19,72.21,79,100,8.84,CD,1601344898
373,Vestmannaeyjar,63.44,-20.27,46.22,71,99,18.32,IS,1601344898
374,Deputatsky,69.3,139.9,40.8,74,83,3.09,RU,1601344899
375,Uíge,-7.61,15.06,66.94,92,99,2.39,AO,1601344899
376,Diffa,13.32,12.61,81.41,61,73,8.14,NE,1601344900
377,Aracruz,-19.82,-40.27,79.0,78,0,11.41,BR,1601344797
378,Kenai,60.55,-151.26,52.0,71,90,14.99,US,1601344900
379,Båtsfjord,70.63,29.72,46.65,85,11,10.07,NO,1601344900
380,Padang,-0.95,100.35,82.67,67,90,1.21,ID,1601344901
381,Liverpool,53.41,-2.98,54.0,100,5,3.36,GB,1601344755
382,Cabo San Lucas,22.89,-109.91,86.0,48,5,8.05,MX,1601344801
383,Saskylakh,71.92,114.08,29.08,96,100,14.45,RU,1601344902
384,Henties Bay,-22.12,14.28,50.0,89,0,5.21,NA,1601344902
385,Tuatapere,-46.13,167.68,39.99,71,80,23.0,NZ,1601344902
386,Nong Bua,15.86,100.59,86.0,73,97,5.12,TH,1601344903
387,‘Āhuimanu,21.44,-157.84,89.6,66,20,11.41,US,1601344903
388,Nizhniy Kislyay,50.85,40.17,51.76,46,100,12.35,RU,1601344903
389,Sola,-13.88,167.55,79.5,84,60,15.61,VU,1601344904
390,Yate,51.54,-2.42,57.0,93,92,3.0,GB,1601344904
391,Conceição do Araguaia,-8.26,-49.26,84.51,42,0,3.69,BR,1601344809
392,Meadow Lake,34.8,-106.54,64.4,25,40,4.7,US,1601344904
393,Bosaso,11.28,49.18,83.34,68,6,2.39,SO,1601344905
394,Vianden,49.94,6.21,50.0,95,100,4.45,LU,1601344905
395,Tautira,-17.73,-149.15,82.4,69,40,9.17,PF,1601344906
396,Plast,54.37,60.81,44.98,94,0,5.68,RU,1601344906
397,Praia,14.92,-23.51,80.6,88,40,13.87,CV,1601344806
398,The Valley,18.22,-63.06,84.2,74,20,10.29,AI,1601344907
399,San Onofre,9.74,-75.53,79.74,83,94,4.09,CO,1601344907
400,Matagami,49.75,-77.63,53.6,100,90,5.82,CA,1601344907
401,Longyearbyen,78.22,15.64,39.2,86,75,6.93,SJ,1601344908
402,Leżajsk,50.26,22.42,54.0,100,75,3.36,PL,1601344908
403,Pak Phanang,8.35,100.2,84.2,79,20,2.24,TH,1601344908
404,Kulhudhuffushi,6.62,73.07,82.2,75,92,8.95,MV,1601344909
405,Sitka,57.05,-135.33,55.4,76,40,6.93,US,1601344831
406,Manzhouli,49.6,117.43,46.53,56,0,13.15,CN,1601344909
407,Sur,22.57,59.53,82.17,53,0,6.98,OM,1601344910
408,Paungde,18.48,95.5,80.8,89,100,3.83,MM,1601344910
409,Jacareacanga,-6.22,-57.75,78.46,64,33,0.87,BR,1601344911
410,Khanbari,27.37,87.2,75.47,66,9,0.13,NP,1601344911
411,Cassilândia,-19.11,-51.73,87.66,23,100,2.51,BR,1601344911
412,Katsuura,35.13,140.3,73.0,64,75,14.99,JP,1601344912
413,College,64.86,-147.8,51.8,57,75,5.82,US,1601344912
414,Boguszów-Gorce,50.76,16.2,46.99,91,100,3.09,PL,1601344755
415,Moranbah,-22.0,148.05,77.63,44,55,17.13,AU,1601344913
416,Shakawe,-18.37,21.85,68.11,22,18,8.03,BW,1601344913
417,Bandundu Province,-3.32,17.37,71.51,91,100,0.58,CD,1601344913
418,Aykhal,66.0,111.5,24.8,100,90,13.42,RU,1601344914
419,Muros,42.78,-9.06,55.99,79,100,9.69,ES,1601344914
420,Mayna,54.11,47.62,46.74,59,42,3.22,RU,1601344914
421,Berdigestyakh,62.1,126.7,43.11,71,25,9.26,RU,1601344839
422,Marsá Maţrūḩ,31.35,27.25,73.4,88,0,5.82,EG,1601344915
423,Lopandino,52.47,34.82,54.07,58,100,9.57,RU,1601344915
424,Townsville,-19.25,146.8,80.6,54,40,19.46,AU,1601344916
425,Karratha,-20.74,116.85,88.38,17,45,11.7,AU,1601344810
426,Lázaro Cárdenas,17.96,-102.2,80.6,78,100,0.67,MX,1601344916
427,Fairbanks,64.84,-147.72,51.8,57,90,1.14,US,1601344801
428,Talcahuano,-36.72,-73.12,50.0,76,75,5.82,CL,1601344917
429,Borogontsy,62.67,131.17,43.84,66,0,6.2,RU,1601344917
430,Berlevåg,70.86,29.09,48.74,82,13,7.54,NO,1601344918
431,La Presa,32.71,-117.0,81.0,54,1,9.17,US,1601344637
432,Marystown,47.17,-55.15,64.0,100,68,1.99,CA,1601344918
433,Kangaatsiaq,68.31,-53.46,32.85,91,100,2.26,GL,1601344919
434,Iskateley,67.68,53.15,47.05,95,100,11.65,RU,1601344919
435,Kushiro,42.98,144.37,62.6,72,20,4.7,JP,1601344920
436,Coquimbo,-29.95,-71.34,55.4,82,39,4.7,CL,1601344920
437,Krasnosel'kup,65.7,82.47,32.05,95,48,10.0,RU,1601344921
438,Gouré,13.98,10.27,82.0,59,91,5.01,NE,1601344921
439,Odienné,9.51,-7.57,71.38,91,13,1.52,CI,1601344922
440,Moengo,5.62,-54.4,77.02,84,0,5.57,SR,1601344922
441,Atar,20.52,-13.05,86.09,28,0,5.77,MR,1601344923
442,Benghazi,32.12,20.07,77.58,76,0,13.98,LY,1601344923
443,Mocuba,-16.84,36.99,72.75,64,0,2.75,MZ,1601344923
444,Buala,-8.14,159.59,81.05,82,100,7.38,SB,1601344924
445,Sørland,67.67,12.69,53.22,85,35,12.48,NO,1601344924
446,Praia,14.92,-23.51,80.6,88,40,13.87,CV,1601344806
447,Ambovombe,-25.17,46.08,68.29,83,0,2.8,MG,1601344924
448,Vardø,70.37,31.11,48.22,89,0,8.37,NO,1601344925
449,Estevan,49.13,-102.98,57.2,44,75,6.93,CA,1601344856
450,Constitución,-35.33,-72.42,48.16,85,100,8.25,CL,1601344925
451,Imbituba,-28.24,-48.67,66.2,72,75,3.36,BR,1601344742
452,Srednekolymsk,67.45,153.68,52.77,53,100,9.08,RU,1601344926
453,Karlshamn,56.17,14.86,41.0,100,18,5.82,SE,1601344926
454,Al Bardīyah,31.76,25.09,77.13,66,0,4.81,LY,1601344926
455,Saint George,37.1,-113.58,84.2,11,1,11.41,US,1601344857
456,Egvekinot,66.32,-179.17,36.05,76,0,1.57,RU,1601344927
457,Bathsheba,13.22,-59.52,71.6,94,75,13.87,BB,1601344927
458,Gigmoto,13.78,124.39,87.85,61,97,4.36,PH,1601344928
459,Kiryat Gat,31.61,34.76,77.0,73,40,3.36,IL,1601344863
460,Dessie,11.13,39.63,54.1,82,87,1.34,ET,1601344928
461,Dingtao,35.07,115.56,73.4,57,75,2.39,CN,1601344929
462,Rafsanjān,30.41,55.99,52.41,55,2,7.11,IR,1601344929
463,Kungurtug,50.6,97.52,41.0,60,11,0.92,RU,1601344929
464,Yakima,46.47,-120.67,73.4,31,1,5.82,US,1601344778
465,Borduşani,44.48,27.9,70.0,94,40,10.29,RO,1601344930
466,Acapulco de Juárez,16.86,-99.89,78.8,94,75,4.7,MX,1601344920
467,Lábrea,-7.26,-64.8,79.5,64,6,1.01,BR,1601344930
468,Zhangjiakou Shi Xuanhua Qu,40.61,115.04,53.6,63,100,1.57,CN,1601344931
469,Mana,5.66,-53.78,79.02,83,3,12.77,GF,1601344931
470,Akdepe,42.06,59.38,44.6,52,0,11.41,TM,1601344931
471,Tūkrah,32.53,20.58,76.14,85,0,12.06,LY,1601344932
472,Pyshma,56.95,63.25,42.53,87,86,5.48,RU,1601344932
473,Nísia Floresta,-6.09,-35.21,75.2,88,20,5.82,BR,1601344932
474,Lima,-12.04,-77.03,61.0,82,40,11.41,PE,1601344896
475,Cotonou,6.37,2.42,77.2,87,100,11.01,BJ,1601344933
476,Sinop Province,41.77,34.87,69.37,45,0,8.43,TR,1601344933
477,Chapais,49.78,-74.85,59.0,100,40,8.05,CA,1601344934
478,Jasper,37.2,-94.35,57.2,50,1,4.7,US,1601344934
479,Vozhega,60.47,40.22,44.91,88,74,5.14,RU,1601344934
480,Prome,18.82,95.22,81.91,86,90,3.22,MM,1601344934
481,Esna,25.29,32.55,77.0,33,0,2.24,EG,1601344935
482,Ippy,6.27,21.22,67.86,98,100,2.57,CF,1601344935
483,Vanavara,60.34,102.28,33.89,88,100,6.42,RU,1601344936
484,Praia da Vitória,38.73,-27.07,68.0,94,75,15.84,PT,1601344936
485,Bathurst,-33.42,149.58,64.0,42,0,5.59,AU,1601344937
486,Dwārka,22.24,68.97,80.6,76,0,11.05,IN,1601344937
487,Rosetta,31.4,30.42,77.0,88,0,4.7,EG,1601344938
488,Poli,-3.33,36.8,60.66,93,84,3.69,TZ,1601344938
489,Uyuni,-20.46,-66.83,50.76,46,61,9.86,BO,1601344693
490,Gizo Government Station,-8.1,156.84,78.15,84,100,7.38,SB,1601344939
491,Mizdah,31.45,12.98,68.02,83,74,13.58,LY,1601344939
492,Nador,35.17,-2.93,68.0,88,47,3.98,MA,1601344749
493,Araouane,18.9,-3.53,93.04,17,0,5.06,ML,1601344940
494,Mitú,1.2,-70.17,75.51,83,100,1.86,CO,1601344940
495,Djambala,-2.54,14.75,65.95,96,100,1.95,CG,1601344941
496,Navahrudak,53.6,25.83,47.12,83,100,9.98,BY,1601344941
497,Lebanon,36.21,-86.29,55.99,100,75,1.39,US,1601344941
498,Shetpe,44.17,52.12,49.73,48,0,5.91,KZ,1601344942
499,Kajaani,64.23,27.73,41.0,93,99,3.36,FI,1601344942
500,Pozo Colorado,-23.49,-58.8,70.02,39,0,5.66,PY,1601344942
501,Miramar,25.99,-80.23,84.2,74,1,3.36,US,1601344942
502,Manggar,-2.88,108.27,83.89,72,16,13.87,ID,1601344943
503,Xinpu,34.6,119.16,73.0,58,41,4.74,CN,1601344943
504,Gamba,-2.65,10.0,75.29,76,100,5.48,GA,1601344944
505,Verkhoyansk,67.54,133.38,45.23,57,0,5.95,RU,1601344944
506,Muli,2.92,73.57,82.36,75,91,9.82,MV,1601344944
507,Roebourne,-20.78,117.13,89.04,17,56,14.76,AU,1601344945
508,Gravdal,68.12,13.5,52.65,82,68,10.71,NO,1601344945
509,Tynda,55.17,124.72,45.79,57,0,9.8,RU,1601344865
510,Yashkul',46.17,45.34,54.68,62,0,14.88,RU,1601344945
511,Half Moon Bay,37.46,-122.43,69.8,93,90,8.05,US,1601344946
512,Talnakh,69.49,88.4,30.2,100,75,8.95,RU,1601344946
513,Yar-Sale,66.83,70.83,37.17,88,98,10.69,RU,1601344947
514,Dickinson,29.46,-95.05,73.99,46,75,11.41,US,1601344947
515,Toora-Khem,52.47,96.11,39.27,69,100,2.17,RU,1601344947
516,Esfarāyen,37.08,57.51,46.4,65,0,2.24,IR,1601344948
517,Ekhabi,53.51,142.97,53.51,84,100,7.92,RU,1601344948
518,Oodweyne,9.41,45.06,75.96,61,34,5.12,SO,1601344948
519,Port Hawkesbury,45.62,-61.35,69.8,88,90,8.05,CA,1601344949
520,Obanazawa,38.6,140.4,64.4,77,75,3.36,JP,1601344949
521,Gaza,31.5,34.47,77.0,73,40,3.36,PS,1601344861
522,Östersund,63.18,14.64,46.4,100,95,10.29,SE,1601344950
523,Palamuse,58.68,26.58,54.0,93,100,2.24,EE,1601344950
524,Tocopilla,-22.09,-70.2,61.03,62,2,3.36,CL,1601344950
525,Udachny,66.42,112.4,24.8,100,90,13.42,RU,1601344951
526,Chadan,51.28,91.58,42.69,62,62,0.76,RU,1601344951
527,Tías,28.96,-13.64,71.6,73,20,5.82,ES,1601344951
528,Biltine,14.53,20.92,78.78,70,64,4.7,TD,1601344952
529,Husavik,66.04,-17.34,35.6,69,90,11.41,IS,1601344952
530,Tamandaré,-8.76,-35.1,74.84,83,10,9.73,BR,1601344952
531,Anadyr,64.75,177.48,44.6,70,40,11.18,RU,1601344866
532,Sevierville,35.87,-83.56,68.0,100,90,4.7,US,1601344953
533,Ilula,-7.68,36.04,62.04,88,51,3.29,TZ,1601344953
534,Puerto Baquerizo Moreno,-0.9,-89.6,66.42,87,42,11.97,EC,1601344953
535,Zlobin,45.29,14.65,57.99,82,75,6.93,HR,1601344954
536,Marabá,-5.37,-49.12,84.2,74,5,4.7,BR,1601344954
537,Tarakan,3.3,117.63,78.55,81,100,5.73,ID,1601344790
538,Leshan,29.56,103.76,65.89,87,100,1.63,CN,1601344955
539,Khasan,42.43,130.64,59.99,78,100,11.81,RU,1601344955
540,Ialibu,-6.28,143.99,64.4,84,100,2.48,PG,1601344956
541,Balabac,7.99,117.06,84.45,70,100,6.17,PH,1601344956
542,Tessalit,20.2,1.01,86.59,18,0,9.37,ML,1601344928
543,Narón,43.52,-8.15,51.8,93,82,2.24,ES,1601344957
544,Dunedin,-45.87,170.5,43.0,63,100,5.99,NZ,1601344957
545,Palu,-0.89,119.87,88.34,57,81,1.7,ID,1601344958
546,Igarka,67.47,86.58,30.97,94,14,9.31,RU,1601344958
547,Kurduvādi,18.08,75.43,74.91,81,41,6.87,IN,1601344958
